{
  "best_epoch": 0,
  "peak_cpu_memory_MB": 0,
  "training_duration": "6:23:13.212605",
  "training_start_epoch": 0,
  "training_epochs": 0,
  "epoch": 0,
  "training_coref_precision": 0.7587168556907157,
  "training_coref_recall": 0.5433281037257819,
  "training_coref_f1": 0.6328553117012912,
  "training_mention_recall": 0.9349951675257732,
  "training_loss": 46.1823694317887,
  "training_cpu_memory_MB": 0.0,
  "validation_coref_precision": 0.8171034010711491,
  "validation_coref_recall": 0.6903943621081984,
  "validation_coref_f1": 0.7482796608654091,
  "validation_mention_recall": 0.970326752107147,
  "validation_loss": 31.54867723083496,
  "best_validation_coref_precision": 0.8171034010711491,
  "best_validation_coref_recall": 0.6903943621081984,
  "best_validation_coref_f1": 0.7482796608654091,
  "best_validation_mention_recall": 0.970326752107147,
  "best_validation_loss": 31.54867723083496
}