{
  "best_epoch": 1,
  "peak_cpu_memory_MB": 0,
  "training_duration": "12:48:41.327987",
  "training_start_epoch": 0,
  "training_epochs": 1,
  "epoch": 1,
  "training_coref_precision": 0.8002720518343919,
  "training_coref_recall": 0.6679118686127489,
  "training_coref_f1": 0.7279786714878796,
  "training_mention_recall": 0.962169780927835,
  "training_loss": 33.18393167804086,
  "training_cpu_memory_MB": 0.0,
  "validation_coref_precision": 0.8181551264607272,
  "validation_coref_recall": 0.7382995788690673,
  "validation_coref_f1": 0.7761310548720703,
  "validation_mention_recall": 0.9725589808721087,
  "validation_loss": 28.945557928562163,
  "best_validation_coref_precision": 0.8181551264607272,
  "best_validation_coref_recall": 0.7382995788690673,
  "best_validation_coref_f1": 0.7761310548720703,
  "best_validation_mention_recall": 0.9725589808721087,
  "best_validation_loss": 28.945557928562163
}